Model,Label Tool,Best parameters
NB,Textblob,"{'alpha': 0.1, 'fit_prior': True}"
SVM,Textblob,"{'C': 10, 'kernel': 'linear'}"
RF,Textblob,"{'max_depth': None, 'min_samples_leaf': 1, 'min_samples_split': 10, 'n_estimators': 100}"
NB,VADER,"{'alpha': 0.1, 'fit_prior': True}"
SVM,VADER,"{'C': 10, 'kernel': 'linear'}"
RF,VADER,"{'max_depth': None, 'min_samples_leaf': 1, 'min_samples_split': 2, 'n_estimators': 100}"
NB,BERT,"{'alpha': 1, 'fit_prior': True}"
SVM,BERT,"{'C': 10, 'kernel': 'rbf'}"
RF,BERT,"{'max_depth': None, 'min_samples_leaf': 2, 'min_samples_split': 5, 'n_estimators': 200}"
NB,Flair,"{'alpha': 1, 'fit_prior': True}"
SVM,Flair,"{'C': 1, 'kernel': 'linear'}"
RF,Flair,"{'max_depth': None, 'min_samples_leaf': 1, 'min_samples_split': 2, 'n_estimators': 200}"
